composition,family_count,system_frequency,has_novel_family,novel_families
"(3447, 8227)",2,36,True,[3447]
"(5284, 6902)",2,25,True,[5284]
"(2072, 4371)",2,24,True,[2072]
"(5019, 5048)",2,22,True,[5048]
"(11895, 13344)",2,20,True,[13344]
"(3023, 8709)",2,20,True,[3023]
"(2223, 6301)",2,19,True,[2223]
"(585, 2558, 3491)",3,17,True,[2558]
"(13228, 13850)",2,17,True,[13228]
"(678, 1868)",2,17,True,[1868]
"(6478, 9622)",2,12,True,[6478]
"(896, 12412)",2,12,True,[896]
"(262, 450, 3691)",3,12,True,[3691]
"(11895, 13612)",2,12,True,[13612]
"(6193, 9173)",2,12,True,[6193]
"(1429, 1703)",2,11,True,[1703]
"(12942, 13858)",2,11,True,[12942]
"(3731, 11984)",2,10,True,[11984]
"(1440, 2606)",2,10,True,[2606]
"(4031, 9529)",2,10,True,[4031]
"(3044, 9757)",2,10,True,[9757]
"(6193, 9979)",2,10,True,[6193]
"(12810, 13852)",2,10,True,[12810]
"(2319, 2407)",2,9,True,[2319]
"(671, 6191)",2,9,True,[671]
"(12353, 13588)",2,9,True,[13588]
"(8986, 13876)",2,9,True,[8986]
"(2570, 7958)",2,9,True,[7958]
"(7857, 13418)",2,8,True,[7857]
"(5780, 8378)",2,8,True,[8378]
"(8078, 9578)",2,8,True,[9578]
"(2948, 9683)",2,8,True,[2948]
"(8852, 13911)",2,8,True,[13911]
"(11021, 12960)",2,8,True,[12960]
"(891, 3923)",2,7,True,[3923]
"(7650, 7712)",2,7,True,[7712]
"(2486, 8054)",2,7,True,[8054]
"(3753, 12911)",2,7,True,[3753]
"(9552, 10195)",2,7,True,[9552]
"(2209, 4186)",2,7,True,[4186]
"(5637, 7199)",2,7,True,[5637]
"(7673, 9907)",2,7,True,[7673]
"(2806, 12583)",2,7,True,[2806]
"(1817, 3886)",2,7,True,[3886]
"(4, 3303)",2,7,True,[3303]
"(2458, 6293)",2,6,True,[2458]
"(573, 2041)",2,6,True,[2041]
"(4973, 6784)",2,6,True,[6784]
"(472, 613)",2,6,True,[613]
"(2618, 6463)",2,6,True,[6463]
"(8812, 11542)",2,6,True,[11542]
"(6999, 9088)",2,6,True,[9088]
"(13263, 13287)",2,6,True,[13263]
"(13369, 13880)",2,6,True,[13880]
"(1478, 3347)",2,6,True,[3347]
"(5154, 7565)",2,6,True,[5154]
"(1831, 10036)",2,6,True,[1831]
"(10491, 13852)",2,6,True,[10491]
"(2837, 8180)",2,6,True,[2837]
"(5907, 9180)",2,6,True,[5907]
"(160, 1291, 1936, 8554)",4,6,True,[1936]
"(12946, 13534)",2,6,True,[12946]
"(4463, 4802)",2,5,True,"[4463, 4802]"
"(13298, 13411)",2,5,True,[13411]
"(9058, 11962)",2,5,True,"[9058, 11962]"
"(3362, 13585)",2,5,True,"[3362, 13585]"
"(2552, 8597)",2,5,True,[2552]
"(5053, 7169)",2,5,True,[7169]
"(7471, 9571)",2,5,True,[7471]
"(6710, 9878)",2,5,True,[9878]
"(11730, 12652)",2,5,True,[12652]
"(1561, 1797)",2,5,True,[1561]
"(3073, 11316)",2,5,True,[3073]
"(1273, 1733)",2,5,True,[1273]
"(5066, 12911)",2,5,True,[5066]
"(13730, 14001)",2,5,True,[14001]
"(9318, 13825)",2,5,True,[9318]
"(2156, 3055, 5665)",3,5,True,[5665]
"(3376, 14191)",2,5,True,[14191]
"(589, 10275)",2,5,True,[10275]
"(5342, 9332)",2,5,True,[9332]
"(9382, 10497)",2,5,True,[10497]
"(7024, 9664)",2,5,True,[7024]
"(9452, 13490)",2,5,True,[9452]
"(12529, 13385)",2,5,True,[13385]
"(8089, 13442)",2,5,True,[8089]
"(13309, 13310)",2,5,True,[13309]
"(185, 1880)",2,5,True,[1880]
"(2154, 4306)",2,5,True,[4306]
"(234, 990, 2850)",3,5,True,[990]
"(5124, 7416)",2,5,True,[5124]
"(2589, 5214)",2,5,True,[5214]
"(6198, 9317)",2,5,True,[6198]
"(8528, 11805)",2,5,True,[11805]
"(9344, 13003)",2,5,True,[9344]
"(5556, 7685)",2,5,True,[5556]
"(12767, 13335)",2,5,True,"[12767, 13335]"
"(3665, 9339)",2,5,True,[9339]
"(9774, 11610)",2,5,True,[9774]
"(4177, 9939)",2,5,True,[4177]
"(192, 983, 3398)",3,4,True,[3398]
"(3302, 9273)",2,4,True,"[3302, 9273]"
"(7482, 9424)",2,4,True,[9424]
"(329, 1174)",2,4,True,[329]
"(11102, 12408)",2,4,True,[11102]
"(10115, 12885)",2,4,True,"[10115, 12885]"
"(1819, 9914, 10347)",3,4,True,"[9914, 10347]"
"(1479, 4211, 11678)",3,4,True,[1479]
"(3680, 10268)",2,4,True,[10268]
"(4212, 9772)",2,4,True,"[4212, 9772]"
"(1438, 5102)",2,4,True,[1438]
"(12815, 14068)",2,4,True,[14068]
"(3265, 4028)",2,4,True,[4028]
"(8133, 13552)",2,4,True,"[8133, 13552]"
"(6794, 9481)",2,4,True,[9481]
"(5611, 12033)",2,4,True,[12033]
"(3012, 10576)",2,4,True,"[3012, 10576]"
"(1468, 9611)",2,4,True,[9611]
"(3331, 5712)",2,4,True,[5712]
"(1785, 3524)",2,4,True,[1785]
"(5318, 10371)",2,4,True,[10371]
"(1034, 9179)",2,4,True,[9179]
"(7067, 12396)",2,4,True,[12396]
"(981, 12682)",2,4,True,[981]
"(3894, 12511)",2,4,True,[12511]
"(736, 1677)",2,4,True,"[736, 1677]"
"(3133, 12698)",2,4,True,[12698]
"(6552, 8218)",2,4,True,[8218]
"(678, 5256)",2,4,True,[5256]
"(1005, 1299)",2,4,True,[1005]
"(7824, 9687)",2,4,True,[9687]
"(3761, 10958)",2,4,True,[3761]
"(105, 201, 557, 674, 1173, 1194, 2668, 3083, 7066, 9410, 10520)",11,4,True,[10520]
"(3969, 5711, 7227)",3,4,True,[3969]
"(3580, 4504)",2,4,True,[4504]
"(3212, 6069)",2,4,True,[3212]
"(5222, 6458)",2,4,True,[6458]
"(8029, 9239)",2,4,True,[9239]
"(2208, 5872)",2,4,True,[5872]
"(6008, 10738)",2,4,True,[6008]
"(3943, 10596)",2,4,True,"[3943, 10596]"
"(13605, 13832)",2,4,True,[13832]
"(993, 4560)",2,4,True,[993]
"(13017, 13296)",2,4,True,[13017]
"(6264, 9539)",2,4,True,[6264]
"(3585, 4764, 8363)",3,4,True,[4764]
"(391, 537)",2,4,True,"[391, 537]"
"(4249, 4398)",2,4,True,[4249]
"(4077, 6450)",2,4,True,[4077]
"(4157, 4983)",2,4,True,[4983]
"(4327, 8365)",2,4,True,"[4327, 8365]"
"(1530, 12448)",2,4,True,[1530]
"(5748, 9652)",2,4,True,[9652]
"(8395, 13531)",2,4,True,[13531]
"(11849, 14034)",2,4,True,[14034]
"(4030, 9417)",2,4,True,[4030]
"(626, 988)",2,4,True,[988]
"(12962, 13761)",2,4,True,[13761]
"(4632, 12891)",2,4,True,[4632]
"(4369, 6585)",2,4,True,[6585]
"(5807, 9738)",2,4,True,[5807]
"(1671, 2802)",2,4,True,[2802]
"(12198, 13303)",2,4,True,[13303]
"(5045, 10741)",2,4,True,[10741]
"(12336, 13282)",2,4,True,"[12336, 13282]"
"(5603, 8203)",2,4,True,[8203]
"(10376, 12960)",2,4,True,[12960]
"(7700, 13451)",2,4,True,[13451]
"(3678, 4735)",2,4,True,[4735]
"(5633, 5762)",2,4,True,[5633]
"(11895, 13143)",2,4,True,[13143]
"(438, 726)",2,4,True,[726]
"(5502, 9416)",2,4,True,[9416]
"(1789, 5732)",2,4,True,[5732]
"(12529, 13626)",2,4,True,[13626]
"(636, 3372)",2,4,True,[636]
"(7419, 12441)",2,4,True,"[7419, 12441]"
"(8466, 10564)",2,4,True,[8466]
"(783, 10229)",2,4,True,[783]
"(7330, 11918)",2,4,True,[7330]
"(3002, 5528)",2,3,True,[3002]
"(5743, 12648)",2,3,True,[5743]
"(6746, 8354)",2,3,True,[6746]
"(6040, 9034)",2,3,True,[9034]
"(3801, 9328)",2,3,True,[9328]
"(1624, 2377, 3269)",3,3,True,[1624]
"(5477, 5842)",2,3,True,[5477]
"(5006, 6006)",2,3,True,[6006]
"(3758, 3758)",2,3,True,[3758]
"(1566, 4055)",2,3,True,[1566]
"(8144, 13112)",2,3,True,[13112]
"(7518, 7650)",2,3,True,[7518]
"(10630, 11451)",2,3,True,[11451]
"(3081, 5006)",2,3,True,[3081]
"(5215, 12185)",2,3,True,[12185]
"(2385, 4970)",2,3,True,[2385]
"(1599, 10793)",2,3,True,[1599]
"(1523, 7247)",2,3,True,[7247]
"(647, 11495)",2,3,True,[11495]
"(10631, 11539)",2,3,True,[11539]
"(2553, 3696, 6417)",3,3,True,[6417]
"(10680, 11663)",2,3,True,"[10680, 11663]"
"(6941, 7094)",2,3,True,"[6941, 7094]"
"(1922, 9724)",2,3,True,[9724]
"(413, 1330, 5723)",3,3,True,[1330]
"(5540, 8124, 12817, 13462, 13529)",5,3,True,[12817]
"(8190, 11189)",2,3,True,[11189]
"(220, 3196)",2,3,True,[3196]
"(5352, 6685)",2,3,True,[6685]
"(1834, 4234, 12589)",3,3,True,"[4234, 12589]"
"(1220, 5990)",2,3,True,[5990]
"(12948, 14170)",2,3,True,"[12948, 14170]"
"(3306, 8822)",2,3,True,[3306]
"(10047, 10574)",2,3,True,[10047]
"(4343, 12236)",2,3,True,[12236]
"(1068, 2783)",2,3,True,[2783]
"(2121, 5934)",2,3,True,[5934]
"(13461, 13850)",2,3,True,[13461]
"(7362, 13312)",2,3,True,[13312]
"(6074, 7363)",2,3,True,[7363]
"(11587, 14331)",2,3,True,[11587]
"(134, 328)",2,3,True,[328]
"(6137, 6799)",2,3,True,[6799]
"(2610, 9362)",2,3,True,"[2610, 9362]"
"(596, 3092)",2,3,True,[3092]
"(2369, 3171)",2,3,True,[2369]
"(4085, 7297)",2,3,True,"[4085, 7297]"
"(6400, 8344)",2,3,True,[8344]
"(7275, 8596)",2,3,True,[7275]
"(4296, 4355)",2,3,True,[4296]
"(4964, 6815)",2,3,True,[4964]
"(2354, 2549)",2,3,True,[2549]
"(12784, 14034)",2,3,True,[14034]
"(179, 3665, 9339)",3,3,True,[9339]
"(4038, 8556)",2,3,True,[8556]
"(7440, 12719)",2,3,True,[12719]
"(11414, 12739, 13557)",3,3,True,[12739]
"(12847, 13850)",2,3,True,[12847]
"(4795, 6804)",2,3,True,[6804]
"(9039, 14002)",2,3,True,[14002]
"(12329, 14006)",2,3,True,[14006]
"(858, 2449)",2,3,True,[858]
"(335, 6471)",2,3,True,"[335, 6471]"
"(3842, 10422)",2,3,True,[10422]
"(3680, 9669)",2,3,True,[9669]
"(12696, 13791)",2,3,True,[13791]
"(8083, 10240)",2,3,True,[10240]
"(8211, 11031)",2,3,True,[11031]
"(1457, 3391)",2,3,True,[1457]
"(7594, 10065)",2,3,True,[10065]
"(1255, 2187)",2,3,True,[2187]
"(2503, 7144)",2,3,True,"[2503, 7144]"
"(4115, 6032)",2,3,True,[4115]
"(4106, 12642)",2,3,True,[12642]
"(3831, 6138)",2,3,True,[3831]
"(7597, 11673)",2,3,True,[7597]
"(10888, 13625)",2,3,True,[10888]
"(7114, 9971)",2,3,True,[7114]
"(7791, 13641)",2,3,True,[7791]
"(8031, 8516)",2,3,True,[8516]
"(4262, 5413)",2,3,True,[5413]
"(284, 4575)",2,3,True,"[284, 4575]"
"(5617, 8700)",2,3,True,[8700]
"(845, 3068)",2,3,True,[3068]
"(7034, 7864)",2,3,True,"[7034, 7864]"
"(1301, 5862)",2,3,True,[5862]
"(991, 1840)",2,3,True,[1840]
"(2336, 9860)",2,3,True,[2336]
"(1598, 6038)",2,3,True,[6038]
"(8066, 11022)",2,3,True,[11022]
"(12936, 13534)",2,3,True,[12936]
"(3103, 4742)",2,3,True,[4742]
"(1790, 2912)",2,3,True,[1790]
"(11483, 13841)",2,3,True,[11483]
"(13231, 13804)",2,3,True,[13804]
"(13199, 13226)",2,3,True,[13199]
"(12728, 13550)",2,3,True,[12728]
"(12407, 13875)",2,3,True,[12407]
"(5757, 9007)",2,3,True,[5757]
"(432, 2863)",2,3,True,[2863]
"(3291, 6430)",2,3,True,[6430]
"(2434, 5122)",2,3,True,[5122]
"(2508, 8306)",2,3,True,[2508]
"(3572, 8595)",2,3,True,"[3572, 8595]"
"(1468, 6359)",2,3,True,[6359]
"(258, 6680)",2,3,True,"[258, 6680]"
"(170, 6724)",2,3,True,[6724]
"(11588, 12225)",2,3,True,[12225]
"(262, 350, 450, 3691, 7404, 8330, 10091)",7,3,True,[3691]
"(1692, 2004)",2,3,True,[1692]
"(626, 1088)",2,3,True,[1088]
"(8545, 9889)",2,3,True,[8545]
"(3612, 9132)",2,3,True,[3612]
"(12609, 13935)",2,3,True,[13935]
"(3278, 3457)",2,3,True,[3278]
"(7525, 12643)",2,3,True,"[7525, 12643]"
"(4870, 6245)",2,3,True,[6245]
"(12300, 12512)",2,3,True,[12512]
"(342, 462)",2,3,True,[462]
"(6043, 11494)",2,3,True,[6043]
"(3253, 9266)",2,3,True,[3253]
"(2868, 6858)",2,3,True,[2868]
"(2841, 9041)",2,3,True,[2841]
"(2113, 6156)",2,3,True,"[2113, 6156]"
"(11767, 12277)",2,3,True,[11767]
"(1850, 2143, 7309)",3,3,True,[2143]
"(653, 2035, 4011)",3,3,True,[2035]
"(5907, 13177)",2,3,True,[5907]
"(2228, 6056)",2,3,True,[2228]
"(5491, 6720)",2,3,True,[6720]
"(880, 1104, 3491)",3,3,True,[1104]
"(1530, 6117)",2,3,True,[1530]
"(10074, 13056)",2,3,True,[10074]
"(7290, 7984)",2,3,True,[7290]
"(6483, 11591)",2,3,True,[11591]
"(7322, 12983)",2,3,True,"[7322, 12983]"
"(755, 7384)",2,3,True,[7384]
"(5607, 7055)",2,3,True,[7055]
"(1356, 7097)",2,3,True,[1356]
"(11646, 12153)",2,3,True,"[11646, 12153]"
"(5016, 8852)",2,3,True,[5016]
"(633, 3158)",2,3,True,[3158]
"(4486, 4564)",2,3,True,[4486]
"(2482, 8736)",2,3,True,[2482]
"(7426, 7579)",2,3,True,[7579]
"(10956, 12579)",2,3,True,[10956]
"(6551, 14082)",2,3,True,[6551]
"(1490, 4387)",2,3,True,[4387]
"(12841, 13656)",2,3,True,[13656]
"(603, 4433)",2,2,True,[4433]
"(6185, 10012)",2,2,True,"[6185, 10012]"
"(4759, 14311)",2,2,True,[14311]
"(4528, 12479)",2,2,True,[4528]
"(3047, 9494)",2,2,True,[3047]
"(2288, 11633)",2,2,True,[11633]
"(5354, 10411)",2,2,True,[5354]
"(954, 6513)",2,2,True,[6513]
"(5173, 8850)",2,2,True,[5173]
"(5, 7385)",2,2,True,"[5, 7385]"
"(6740, 9026)",2,2,True,[6740]
"(548, 8521, 11769, 11879)",4,2,True,[11769]
"(57, 315, 1607, 2679, 7892)",5,2,True,[2679]
"(4232, 8037)",2,2,True,"[4232, 8037]"
"(13168, 13859)",2,2,True,[13168]
"(3514, 4965)",2,2,True,[4965]
"(3617, 7162)",2,2,True,[7162]
"(5342, 7822)",2,2,True,[7822]
"(1270, 2199)",2,2,True,[1270]
"(2711, 10340)",2,2,True,[10340]
"(6007, 8484)",2,2,True,[8484]
"(2075, 6102)",2,2,True,[6102]
"(9415, 12499)",2,2,True,[12499]
"(4252, 10418)",2,2,True,[10418]
"(3656, 8880)",2,2,True,[8880]
"(12740, 12741)",2,2,True,[12740]
"(442, 4135)",2,2,True,[442]
"(504, 7196)",2,2,True,[504]
"(309, 5754)",2,2,True,[5754]
"(8310, 9449, 12698)",3,2,True,[12698]
"(8852, 9700)",2,2,True,[9700]
"(5363, 12703)",2,2,True,[5363]
"(11246, 14123)",2,2,True,[11246]
"(3639, 12265)",2,2,True,[3639]
"(187, 358, 7445, 9944, 11095)",5,2,True,[11095]
"(340, 6223)",2,2,True,[6223]
"(4969, 7504)",2,2,True,[4969]
"(2109, 4207)",2,2,True,[4207]
"(5204, 13033)",2,2,True,[13033]
"(6338, 10454)",2,2,True,[10454]
"(10737, 10919)",2,2,True,[10737]
"(4450, 12651)",2,2,True,[12651]
"(3420, 5258)",2,2,True,[3420]
"(8824, 10244)",2,2,True,[10244]
"(663, 7356, 10928)",3,2,True,"[7356, 10928]"
"(118, 12473)",2,2,True,"[118, 12473]"
"(10271, 13076)",2,2,True,[10271]
"(2321, 8818)",2,2,True,"[2321, 8818]"
"(10323, 12306)",2,2,True,[10323]
"(3544, 7233)",2,2,True,[7233]
"(8552, 13227)",2,2,True,[8552]
"(1782, 6705)",2,2,True,[1782]
"(7270, 9770)",2,2,True,[9770]
"(7059, 10073)",2,2,True,[10073]
"(6008, 10802)",2,2,True,[6008]
"(3615, 9310)",2,2,True,[9310]
"(1706, 2670)",2,2,True,[1706]
"(1009, 1928, 8554)",3,2,True,[1928]
"(8966, 9026)",2,2,True,[8966]
"(12772, 14023)",2,2,True,[12772]
"(8847, 11677)",2,2,True,[8847]
"(5977, 12244)",2,2,True,[5977]
"(1773, 4721)",2,2,True,[4721]
"(9000, 9037)",2,2,True,[9000]
"(8802, 9656)",2,2,True,[9656]
"(10117, 13295)",2,2,True,"[10117, 13295]"
"(586, 4677)",2,2,True,[4677]
"(828, 3766)",2,2,True,[3766]
"(1690, 2732)",2,2,True,[2732]
"(817, 3459)",2,2,True,[3459]
"(9804, 12579)",2,2,True,[9804]
"(717, 13905)",2,2,True,[13905]
"(1866, 2733)",2,2,True,[1866]
"(1667, 2462)",2,2,True,[1667]
"(10037, 11026)",2,2,True,"[10037, 11026]"
"(1269, 2892, 7901)",3,2,True,[1269]
"(7424, 11358)",2,2,True,[7424]
"(6780, 10012)",2,2,True,"[6780, 10012]"
"(4656, 7969)",2,2,True,[4656]
"(4006, 6542)",2,2,True,[4006]
"(3738, 12773)",2,2,True,[3738]
"(274, 7926)",2,2,True,[7926]
"(1643, 3821)",2,2,True,[3821]
"(9351, 11454)",2,2,True,[11454]
"(1494, 3625)",2,2,True,[1494]
"(5628, 6219)",2,2,True,[5628]
"(884, 9292)",2,2,True,"[884, 9292]"
"(582, 3046, 10309)",3,2,True,[582]
"(309, 1048, 3449)",3,2,True,[3449]
"(2050, 4861)",2,2,True,[4861]
"(1856, 5282)",2,2,True,[1856]
"(5555, 9990)",2,2,True,[9990]
"(8917, 14211)",2,2,True,[14211]
"(7132, 9057)",2,2,True,[7132]
"(846, 4992)",2,2,True,[846]
"(7355, 11392)",2,2,True,[11392]
"(1145, 2061)",2,2,True,[1145]
"(6193, 10832)",2,2,True,[6193]
"(2951, 9157)",2,2,True,[9157]
"(1478, 4791)",2,2,True,[4791]
"(10377, 13454)",2,2,True,[10377]
"(7797, 10617)",2,2,True,[7797]
"(6825, 10200)",2,2,True,[10200]
"(12015, 13375)",2,2,True,[13375]
"(1335, 6602)",2,2,True,[6602]
"(2627, 3523)",2,2,True,[3523]
"(3901, 8469)",2,2,True,[8469]
"(2993, 13676)",2,2,True,[2993]
"(983, 3614)",2,2,True,[3614]
"(13370, 14022)",2,2,True,"[13370, 14022]"
"(10469, 12701)",2,2,True,[12701]
"(690, 1625)",2,2,True,[690]
"(868, 5186, 9583)",3,2,True,[868]
"(6251, 12386)",2,2,True,[6251]
"(5016, 9913)",2,2,True,[5016]
"(6205, 10880)",2,2,True,"[6205, 10880]"
"(3956, 6940)",2,2,True,[3956]
"(12515, 13440)",2,2,True,[13440]
"(2271, 4776)",2,2,True,[4776]
"(7213, 8830)",2,2,True,[8830]
"(4540, 11375)",2,2,True,[11375]
"(7374, 7783)",2,2,True,[7374]
"(5561, 13746)",2,2,True,[5561]
"(5004, 10756)",2,2,True,"[5004, 10756]"
"(7993, 10090)",2,2,True,[10090]
"(3224, 8713)",2,2,True,[8713]
"(4172, 8677)",2,2,True,[4172]
"(142, 263)",2,2,True,[263]
"(3427, 7842)",2,2,True,[3427]
"(10979, 11838)",2,2,True,"[10979, 11838]"
"(8220, 10217)",2,2,True,[8220]
"(3680, 10463)",2,2,True,[10463]
"(1670, 2057)",2,2,True,[1670]
"(13287, 13658)",2,2,True,[13658]
"(3335, 6989, 9566)",3,2,True,"[3335, 6989]"
"(1254, 6030)",2,2,True,[6030]
"(12341, 14092)",2,2,True,[12341]
"(3686, 8256)",2,2,True,"[3686, 8256]"
"(7811, 9542)",2,2,True,[7811]
"(2489, 7765)",2,2,True,[2489]
"(1572, 3685)",2,2,True,[3685]
"(7592, 10978)",2,2,True,"[7592, 10978]"
"(10431, 12216)",2,2,True,[12216]
"(274, 2109, 4151, 6560)",4,2,True,[6560]
"(8125, 10587)",2,2,True,"[8125, 10587]"
"(6790, 9749)",2,2,True,"[6790, 9749]"
"(1186, 8507)",2,2,True,[8507]
"(6670, 7784)",2,2,True,[7784]
"(4021, 8537)",2,2,True,[8537]
"(50, 2942, 9010)",3,2,True,"[2942, 9010]"
"(3809, 12119)",2,2,True,[3809]
"(4022, 9025)",2,2,True,"[4022, 9025]"
"(3979, 7876)",2,2,True,[3979]
"(6229, 8165)",2,2,True,[8165]
"(3426, 5447, 6238)",3,2,True,[3426]
"(2114, 5548)",2,2,True,[5548]
"(5907, 9469)",2,2,True,[5907]
"(2357, 5193)",2,2,True,[5193]
"(13366, 14056)",2,2,True,[14056]
"(1437, 2219)",2,2,True,[2219]
"(326, 3279, 6489, 6796)",4,2,True,[3279]
"(440, 9598)",2,2,True,[440]
"(969, 1299)",2,2,True,[969]
"(2556, 3076)",2,2,True,[2556]
"(4008, 13213)",2,2,True,[13213]
"(2520, 10510)",2,2,True,[2520]
"(47, 14308)",2,2,True,[14308]
"(618, 716)",2,2,True,[716]
"(7870, 10904)",2,2,True,[7870]
"(447, 447)",2,2,True,[447]
"(7460, 10911)",2,2,True,"[7460, 10911]"
"(2722, 11131)",2,2,True,[2722]
"(1809, 11321)",2,2,True,[1809]
"(823, 2415)",2,2,True,[2415]
"(10810, 11075)",2,2,True,[11075]
"(778, 12083)",2,2,True,[12083]
"(3806, 4441)",2,2,True,[4441]
"(8324, 9596)",2,2,True,[9596]
"(10214, 12535, 13158)",3,2,True,[10214]
"(571, 12570)",2,2,True,[12570]
"(8251, 12680)",2,2,True,[12680]
"(938, 6265)",2,2,True,[938]
"(110, 6250, 13925)",3,2,True,[13925]
"(4217, 4586)",2,2,True,[4586]
"(1583, 10501)",2,2,True,[10501]
"(983, 4692, 5208)",3,2,True,[4692]
"(897, 10249)",2,2,True,[10249]
"(6055, 10009)",2,2,True,[6055]
"(7178, 8574)",2,2,True,[7178]
"(2172, 5469)",2,2,True,"[2172, 5469]"
"(1210, 6029)",2,2,True,[6029]
"(12928, 13482)",2,2,True,[12928]
"(2762, 11323)",2,2,True,"[2762, 11323]"
"(4447, 9559)",2,2,True,[9559]
"(1993, 6490)",2,2,True,[6490]
"(5144, 6761)",2,2,True,[5144]
"(11044, 13645)",2,2,True,[11044]
"(1115, 10541, 12107)",3,2,True,[10541]
"(3609, 6553)",2,2,True,[3609]
"(983, 3962)",2,2,True,[3962]
"(4773, 6620)",2,2,True,[4773]
"(2274, 10294)",2,2,True,[10294]
"(5092, 5380)",2,2,True,[5092]
"(3918, 10761)",2,2,True,[10761]
"(12023, 12095)",2,2,True,[12095]
"(8685, 11332)",2,2,True,[11332]
"(3537, 4078)",2,2,True,[4078]
"(3895, 9079)",2,2,True,[3895]
"(1106, 4130)",2,2,True,[4130]
"(3070, 3186, 11470)",3,2,True,[3186]
"(5887, 10823)",2,2,True,[5887]
"(3220, 3314)",2,2,True,[3220]
"(2595, 4843)",2,2,True,[4843]
"(7173, 11534)",2,2,True,[11534]
"(7756, 10986)",2,2,True,[10986]
"(8614, 8615)",2,2,True,[8615]
"(2327, 4808)",2,2,True,[4808]
"(1249, 8757)",2,2,True,[1249]
"(2649, 13055)",2,2,True,[13055]
"(2134, 5675)",2,2,True,[5675]
"(5698, 6530)",2,2,True,[6530]
"(12127, 12404)",2,2,True,"[12127, 12404]"
"(3960, 9755)",2,2,True,[9755]
"(8942, 9327)",2,2,True,"[8942, 9327]"
"(12378, 13786)",2,2,True,[12378]
"(5061, 7915)",2,2,True,[7915]
"(4711, 6920)",2,2,True,[4711]
"(2428, 5651, 7950)",3,2,True,[5651]
"(7259, 12963)",2,2,True,[7259]
"(12209, 13719)",2,2,True,[13719]
"(6649, 12806)",2,2,True,[6649]
"(5888, 10065)",2,2,True,[10065]
"(1665, 2194, 2377, 6957)",4,2,True,[1665]
"(10549, 11241, 13160)",3,2,True,"[10549, 11241]"
"(11301, 11702)",2,2,True,"[11301, 11702]"
"(6037, 9080)",2,2,True,[9080]
"(10950, 13902)",2,2,True,[10950]
"(4557, 5986)",2,2,True,[4557]
"(7291, 9211)",2,2,True,[7291]
"(529, 2713)",2,2,True,[2713]
"(8231, 9643)",2,2,True,[8231]
"(7323, 7631)",2,2,True,[7631]
"(3785, 12379)",2,2,True,[12379]
"(3207, 5418)",2,2,True,[5418]
"(8232, 10192)",2,2,True,"[8232, 10192]"
"(7048, 12465)",2,2,True,[7048]
"(921, 10821)",2,2,True,[921]
"(3339, 9638)",2,2,True,[9638]
"(2243, 5770)",2,2,True,[5770]
"(11476, 12644)",2,2,True,[12644]
"(799, 9300)",2,2,True,[9300]
"(2904, 5803)",2,2,True,[2904]
"(533, 4079)",2,2,True,[533]
"(8583, 9718)",2,2,True,[8583]
"(533, 4079, 4781)",3,2,True,[533]
"(9333, 10653)",2,2,True,[9333]
"(3145, 9401)",2,2,True,[9401]
"(4913, 6480)",2,2,True,[6480]
"(8613, 10295)",2,2,True,"[8613, 10295]"
"(7180, 11129)",2,2,True,"[7180, 11129]"
"(985, 5742)",2,2,True,[5742]
"(72, 13579)",2,2,True,[13579]
"(1200, 4122, 5306)",3,2,True,[1200]
"(4840, 8508)",2,2,True,[4840]
"(294, 2408, 2417, 3551, 4713, 9334)",6,2,True,[3551]
"(12906, 13351)",2,2,True,"[12906, 13351]"
"(7550, 8540)",2,2,True,[7550]
"(318, 5906, 6814)",3,2,True,[5906]
"(4129, 6208)",2,2,True,"[4129, 6208]"
"(2575, 11299)",2,2,True,"[2575, 11299]"
"(48, 2058, 3338)",3,2,True,[3338]
"(4695, 8539)",2,2,True,[8539]
"(4516, 5525)",2,2,True,"[4516, 5525]"
"(2318, 4882)",2,2,True,[2318]
"(271, 13961)",2,2,True,[13961]
"(1300, 5353)",2,2,True,[1300]
"(445, 5697)",2,2,True,"[445, 5697]"
"(5005, 7008)",2,2,True,[7008]
"(4127, 12252)",2,2,True,[12252]
"(757, 13357)",2,2,True,"[757, 13357]"
"(1308, 5648)",2,2,True,[1308]
"(12931, 13916)",2,2,True,[12931]
"(4710, 10058)",2,2,True,[4710]
"(4394, 4737)",2,2,True,"[4394, 4737]"
"(11010, 13899)",2,2,True,[11010]
"(886, 1829, 2981)",3,2,True,"[1829, 2981]"
"(91, 466, 1223, 2504)",4,2,True,[1223]
"(2846, 4468, 5502)",3,2,True,"[2846, 4468]"
"(8789, 13125)",2,2,True,[8789]
"(12542, 13025)",2,2,True,[13025]
"(453, 2267, 3847, 4591, 10624)",5,2,True,[10624]
"(5174, 9636)",2,2,True,[9636]
"(218, 4222)",2,2,True,[4222]
"(313, 2882, 6561)",3,2,True,[2882]
"(7078, 13024)",2,2,True,[7078]
"(10296, 14104)",2,2,True,"[10296, 14104]"
"(3569, 13356)",2,2,True,"[3569, 13356]"
"(2274, 4934)",2,2,True,[4934]
"(334, 4152)",2,2,True,[4152]
"(1264, 3041)",2,2,True,[3041]
"(58, 10850, 12122)",3,2,True,[10850]
"(1577, 8189)",2,2,True,[8189]
"(9440, 13087)",2,2,True,[13087]
"(631, 2141)",2,2,True,[2141]
"(1471, 9144)",2,2,True,[9144]
"(13, 2053)",2,2,True,[2053]
"(425, 2728)",2,2,True,[425]
"(8407, 10765)",2,2,True,[10765]
"(627, 12947)",2,2,True,"[627, 12947]"
"(3509, 6212)",2,2,True,"[3509, 6212]"
"(3727, 8598, 11612)",3,2,True,"[8598, 11612]"
"(6612, 6840, 7168)",3,2,True,"[6612, 7168]"
"(80, 6013)",2,2,True,[80]
"(7201, 11891)",2,2,True,"[7201, 11891]"
"(5615, 12140)",2,2,True,[12140]
"(5188, 11426)",2,2,True,[5188]
"(447, 9699)",2,2,True,[447]
"(923, 12444)",2,2,True,[12444]
"(936, 14076)",2,2,True,[14076]
"(8079, 10999)",2,2,True,[10999]
"(1496, 3860, 4941)",3,2,True,[4941]
"(9233, 11351)",2,2,True,[11351]
"(199, 8081, 9410)",3,2,True,[8081]
"(6713, 7392)",2,2,True,"[6713, 7392]"
"(5660, 7535)",2,2,True,[5660]
"(2039, 2537)",2,2,True,[2039]
"(10125, 11291)",2,2,True,[11291]
"(6371, 9960)",2,2,True,[6371]
"(12744, 13800)",2,2,True,[12744]
"(945, 4992)",2,2,True,[945]
"(646, 982)",2,2,True,[646]
"(6535, 8082)",2,2,True,[8082]
"(5366, 11290)",2,2,True,[11290]
"(10774, 12036)",2,2,True,[12036]
"(6749, 6805)",2,2,True,[6805]
"(4830, 13208)",2,2,True,"[4830, 13208]"
"(3998, 11517)",2,2,True,[3998]
"(1295, 5189)",2,2,True,[5189]
"(333, 565)",2,2,True,[565]
"(180, 1391)",2,2,True,[180]
"(6748, 7678)",2,2,True,[7678]
"(6354, 9052)",2,2,True,[6354]
"(3906, 5292)",2,2,True,[5292]
"(11397, 11966)",2,2,True,[11397]
"(5587, 6618)",2,2,True,[6618]
"(3739, 5161)",2,2,True,[3739]
"(5435, 8885)",2,2,True,[5435]
"(38, 3403)",2,2,True,[3403]
"(3920, 13633)",2,2,True,[13633]
"(3581, 4120)",2,2,True,"[3581, 4120]"
"(827, 3323)",2,2,True,[3323]
"(8280, 10041)",2,2,True,[8280]
"(13771, 13906)",2,2,True,[13771]
"(975, 7306)",2,2,True,[7306]
"(12414, 12414)",2,2,True,[12414]
"(7749, 10042)",2,2,True,[7749]
"(1250, 11107)",2,2,True,[11107]
"(2403, 6124, 6606, 11219)",4,2,True,"[6124, 6606]"
"(4479, 7708)",2,2,True,[7708]
"(539, 1744, 2424, 8270)",4,2,True,[8270]
"(4191, 10043)",2,2,True,[4191]
"(3824, 5049)",2,2,True,[3824]
"(7308, 12173)",2,2,True,[12173]
"(7609, 12849)",2,2,True,[12849]
"(2312, 3504)",2,2,True,[2312]
"(3227, 5484)",2,2,True,"[3227, 5484]"
"(6874, 7342)",2,2,True,[7342]
"(2878, 9997)",2,2,True,[2878]
"(2488, 5409)",2,2,True,[5409]
"(282, 297)",2,2,True,[282]
"(5026, 6616)",2,2,True,[6616]
"(2449, 3993)",2,2,True,[3993]
"(12078, 13929)",2,2,True,"[12078, 13929]"
"(4413, 10147)",2,2,True,[4413]
"(1102, 3150)",2,2,True,[1102]
"(2454, 6188)",2,2,True,[2454]
"(4327, 8855)",2,2,True,[4327]
"(6486, 11687)",2,2,True,"[6486, 11687]"
"(2832, 2922)",2,2,True,[2922]
"(9886, 13501)",2,2,True,[9886]
"(1007, 1917)",2,2,True,[1917]
"(1588, 2682, 2749, 3849, 5362)",5,2,True,[2749]
"(1922, 3035)",2,2,True,[3035]
"(293, 1629)",2,2,True,"[293, 1629]"
"(2485, 5903)",2,2,True,[5903]
"(7869, 9670)",2,2,True,[9670]
"(1354, 12369)",2,2,True,[12369]
"(3178, 10876, 12675)",3,2,True,[12675]
"(4709, 13279)",2,2,True,[4709]
"(8398, 10647)",2,2,True,[8398]
"(6027, 12806)",2,2,True,[6027]
"(66, 186, 2527)",3,2,True,[186]
"(961, 5815)",2,2,True,[961]
"(3588, 6487)",2,2,True,[6487]
"(10176, 12926)",2,2,True,[12926]
"(7774, 9507)",2,2,True,[9507]
"(1471, 13359)",2,2,True,[13359]
"(1543, 8149)",2,2,True,[1543]
"(10286, 10461)",2,2,True,[10286]
"(7103, 8049)",2,2,True,"[7103, 8049]"
"(10682, 12859)",2,2,True,[12859]
"(6453, 10844)",2,2,True,[10844]
"(8324, 9505)",2,2,True,[9505]
"(463, 797, 5834, 6284)",4,2,True,[5834]
"(12202, 12592)",2,2,True,[12202]
"(6375, 10408)",2,2,True,[6375]
"(1144, 8895)",2,2,True,[1144]
"(8323, 8976)",2,2,True,[8976]
"(3179, 6947)",2,2,True,[3179]
"(6948, 11943)",2,2,True,[11943]
"(1124, 5758)",2,2,True,[5758]
"(7833, 13172)",2,2,True,"[7833, 13172]"
"(481, 1521)",2,2,True,[481]
"(398, 983, 7938)",3,2,True,[7938]
"(385, 1663)",2,2,True,[1663]
"(2179, 5662)",2,2,True,[2179]
"(274, 4317)",2,2,True,[4317]
"(4381, 9126)",2,2,True,"[4381, 9126]"
"(164, 7303)",2,2,True,[7303]
"(13130, 13865)",2,2,True,"[13130, 13865]"
"(8645, 10319)",2,2,True,[8645]
"(1662, 2525)",2,2,True,[1662]
"(4435, 8287)",2,2,True,[8287]
"(3882, 5342)",2,2,True,[3882]
"(4902, 8894)",2,2,True,[8894]
"(2718, 7616)",2,2,True,[7616]
"(3474, 11112)",2,2,True,[3474]
"(3759, 12421)",2,2,True,[12421]
"(5878, 12420)",2,2,True,[5878]
"(9162, 12108)",2,2,True,[9162]
"(1048, 4195)",2,2,True,[4195]
"(3843, 13030)",2,2,True,[3843]
"(9127, 10424)",2,2,True,[9127]
"(8436, 12856)",2,2,True,[12856]
"(3764, 8855)",2,2,True,[3764]
"(9390, 10842)",2,2,True,"[9390, 10842]"
"(989, 4686)",2,2,True,[4686]
"(2661, 10575)",2,2,True,[2661]
"(5052, 10712)",2,2,True,[10712]
"(4442, 13576)",2,2,True,[13576]
"(2236, 6943)",2,2,True,[6943]
"(4115, 7277)",2,2,True,[4115]
"(155, 904)",2,2,True,[155]
"(6228, 14081)",2,2,True,[6228]
"(4410, 10569)",2,2,True,[4410]
"(516, 518)",2,2,True,"[516, 518]"
"(6178, 6316)",2,2,True,[6178]
"(4509, 8334)",2,2,True,[4509]
"(3716, 12059)",2,2,True,[12059]
"(6032, 9593)",2,2,True,[9593]
"(1600, 6002)",2,2,True,[1600]
"(418, 4411)",2,2,True,[418]
"(591, 8835)",2,2,True,[8835]
"(2075, 5558)",2,2,True,[5558]
"(1976, 3855)",2,2,True,[3855]
"(4334, 14165)",2,2,True,[14165]
"(2399, 2910)",2,2,True,[2399]
"(4906, 5250)",2,2,True,"[4906, 5250]"
"(983, 3599)",2,2,True,[3599]
"(3062, 8762)",2,2,True,"[3062, 8762]"
"(1997, 7563)",2,2,True,[7563]
"(2803, 5392)",2,2,True,[5392]
"(9572, 10497)",2,2,True,[10497]
"(2062, 5309)",2,2,True,[2062]
"(9570, 10665)",2,2,True,[9570]
"(5804, 6898)",2,2,True,[6898]
"(895, 1639)",2,2,True,[1639]
"(1969, 5896)",2,2,True,[5896]
"(1349, 3938)",2,2,True,[1349]
"(8990, 9660)",2,2,True,[8990]
"(8235, 8543)",2,2,True,[8543]
"(7019, 7383)",2,2,True,[7019]
"(8105, 10304)",2,2,True,[10304]
"(626, 5538)",2,2,True,[5538]
"(1190, 5379)",2,2,True,"[1190, 5379]"
"(5336, 11704)",2,2,True,[5336]
"(10551, 10663)",2,2,True,[10551]
"(4671, 11763)",2,2,True,[4671]
"(9118, 13104)",2,2,True,[9118]
"(2787, 8840)",2,2,True,"[2787, 8840]"
"(2990, 4516, 4516)",3,2,True,"[2990, 4516]"
"(2790, 6503)",2,2,True,[2790]
"(271, 2418)",2,2,True,[2418]
"(10235, 12064)",2,2,True,[12064]
"(6927, 10862)",2,2,True,[6927]
"(2799, 6967)",2,2,True,[6967]
"(13232, 13548)",2,2,True,[13548]
"(11567, 12528)",2,2,True,[11567]
"(9630, 10331)",2,2,True,[10331]
"(689, 2565)",2,2,True,[2565]
"(2783, 4848)",2,2,True,[2783]
"(1234, 5914)",2,2,True,[5914]
"(2970, 10827)",2,2,True,[10827]
"(12209, 13613)",2,2,True,[13613]
"(1251, 11480)",2,2,True,[11480]
"(1060, 4183)",2,2,True,[4183]
"(1294, 1441)",2,2,True,[1294]
"(5973, 7988)",2,2,True,[7988]
"(3757, 10765)",2,2,True,[10765]
"(335, 3732)",2,2,True,[335]
"(4228, 9521)",2,2,True,[4228]
"(13101, 13877)",2,2,True,[13877]
"(7105, 12970)",2,2,True,[12970]
"(4005, 8729)",2,2,True,"[4005, 8729]"
"(11450, 13511)",2,2,True,[11450]
"(5605, 11654)",2,2,True,[5605]
"(134, 4986)",2,2,True,[4986]
"(8196, 9507)",2,2,True,[9507]
"(1066, 1702, 5281)",3,2,True,[1702]
"(5709, 8200)",2,2,True,[5709]
"(11339, 12909)",2,2,True,[11339]
"(4082, 8870)",2,2,True,[4082]
"(1766, 5480)",2,2,True,[5480]
"(12582, 13589)",2,2,True,[12582]
"(7126, 10036)",2,2,True,[7126]
"(534, 12188)",2,2,True,[534]
"(2356, 5068)",2,2,True,[2356]
"(569, 2946)",2,2,True,[569]
"(639, 11905)",2,2,True,[639]
"(1584, 3923)",2,2,True,[3923]
"(7500, 9828)",2,2,True,[7500]
"(2584, 9644)",2,2,True,[9644]
"(4739, 6145)",2,2,True,[6145]
"(1796, 3008)",2,2,True,[1796]
"(5777, 10212)",2,2,True,[5777]
"(5472, 12348)",2,2,True,[12348]
"(3343, 5357)",2,2,True,"[3343, 5357]"
"(4871, 9068)",2,2,True,[4871]
"(7560, 13850)",2,2,True,[7560]
"(3466, 5747)",2,2,True,[5747]
"(5678, 6537)",2,2,True,[5678]
"(2027, 2864)",2,2,True,[2864]
"(3673, 8172)",2,2,True,[3673]
"(1295, 4360)",2,2,True,[4360]
"(1885, 3987)",2,2,True,[3987]
"(4130, 5868)",2,2,True,"[4130, 5868]"
"(582, 10309)",2,2,True,[582]
"(3499, 7633)",2,2,True,[7633]
"(3794, 12804)",2,2,True,[3794]
"(3129, 9759)",2,2,True,[9759]
"(4499, 7123)",2,2,True,[4499]
"(3024, 8064)",2,2,True,[8064]
"(3191, 6971)",2,2,True,"[3191, 6971]"
"(5556, 5994)",2,2,True,[5556]
"(8257, 8838)",2,2,True,[8257]
"(556, 8000)",2,2,True,[8000]
"(304, 7597)",2,2,True,[7597]
"(1822, 5328, 5618, 9523, 11415)",5,2,True,[9523]
"(2583, 11692)",2,2,True,[11692]
"(902, 8500)",2,2,True,[8500]
"(2236, 7326)",2,2,True,[7326]
"(88, 942, 2357, 4849)",4,2,True,[88]
"(12132, 12580)",2,2,True,[12580]
"(3940, 10149)",2,2,True,"[3940, 10149]"
"(1457, 9153)",2,2,True,[1457]
"(5558, 6627)",2,2,True,[5558]
"(6514, 7396)",2,2,True,[6514]
"(2222, 9718)",2,2,True,[2222]
"(7849, 10512)",2,2,True,"[7849, 10512]"
"(11056, 13693)",2,2,True,[13693]
"(3646, 10517)",2,2,True,[3646]
"(2274, 8801)",2,2,True,[8801]
"(781, 1501, 2400)",3,2,True,[2400]
"(4815, 6505)",2,2,True,[4815]
"(4599, 9349)",2,2,True,[4599]
"(852, 9271)",2,2,True,[852]
"(1033, 2586, 4987)",3,2,True,[4987]
"(4548, 7552)",2,2,True,[4548]
"(13008, 13854)",2,2,True,[13854]
"(7765, 9982)",2,2,True,[9982]
"(8386, 10334)",2,2,True,[8386]
"(5107, 6660)",2,2,True,[6660]
"(2525, 3071)",2,2,True,[3071]
"(14018, 14245)",2,2,True,"[14018, 14245]"
"(5576, 11211, 13485)",3,2,True,[11211]
"(12350, 12966)",2,2,True,"[12350, 12966]"
"(3511, 11191)",2,2,True,[11191]
"(2768, 11851)",2,2,True,[11851]
"(2253, 4027, 4429)",3,2,True,[4027]
"(112, 5708)",2,2,True,[112]
"(6463, 11477)",2,2,True,"[6463, 11477]"
